{"cpu_utilization": [24.8, 46.57142857142857, 55.77777777777778, 61.53846153846154, 66.28571428571428, 63.47058823529412, 67.11111111111111, 71.95238095238096, 73.21739130434783], "memory_utilization": [19.38, 39.885714285714286, 41.47777777777778, 52.33846153846153, 57.23571428571429, 53.641176470588235, 62.83333333333333, 69.38571428571429, 69.50434782608696]}{"cpu_utilization": [42.4, 57.99999999999999, 71.6, 78.0, 85.0, 85.0, 85.0, 85.0, 85.0], "memory_utilization": [52.78, 68.82000000000001, 83.39999999999999, 85.58, 89.72, 89.72, 89.72, 89.72, 89.72]}{"cpu_utilization": [43.0, 43.0, 57.599999999999994, 57.599999999999994, 57.599999999999994, 57.599999999999994, 57.599999999999994, 57.599999999999994, 57.599999999999994], "memory_utilization": [58.48, 58.48, 63.75999999999999, 63.75999999999999, 63.75999999999999, 63.75999999999999, 63.75999999999999, 63.75999999999999, 63.75999999999999]}{"cpu_utilization": [23.400000000000002, 36.4, 64.2, 83.39999999999999, 83.39999999999999, 83.39999999999999, 83.39999999999999, 83.39999999999999, 83.39999999999999], "memory_utilization": [27.279999999999998, 45.32, 67.58, 89.75999999999999, 89.75999999999999, 89.75999999999999, 89.75999999999999, 89.75999999999999, 89.75999999999999]}{"cpu_utilization": [24.0, 29.799999999999997, 29.799999999999997, 40.0, 48.199999999999996, 48.199999999999996, 51.0, 51.0, 62.8], "memory_utilization": [33.28, 45.839999999999996, 45.839999999999996, 55.32, 59.040000000000006, 59.040000000000006, 67.08, 67.08, 77.75999999999999]}{"cpu_utilization": [14.2, 33.800000000000004, 58.599999999999994, 75.4, 88.0, 88.0, 88.0, 95.8, 95.8], "memory_utilization": [17.46, 39.56, 57.84, 72.8, 78.72, 78.72, 78.72, 85.16, 85.16]}{"cpu_utilization": [14.2, 29.2, 46.0, 54.800000000000004, 65.0, 65.0, 65.0, 65.0, 65.0], "memory_utilization": [17.46, 32.98, 41.78, 51.66, 67.7, 67.7, 67.7, 67.7, 67.7]}{"cpu_utilization": [23.599999999999998, 61.8, 70.8, 70.8, 70.8, 72.8, 72.8, 87.2, 87.2], "memory_utilization": [23.96, 58.14, 59.699999999999996, 59.699999999999996, 59.699999999999996, 65.38000000000001, 65.38000000000001, 73.11999999999999, 73.11999999999999]}{"cpu_utilization": [23.599999999999998, 54.2, 54.2, 54.2, 54.2, 54.2, 54.2, 57.599999999999994, 57.599999999999994], "memory_utilization": [23.96, 57.8, 57.8, 57.8, 57.8, 57.8, 57.8, 58.940000000000005, 58.940000000000005]}{"cpu_utilization": [14.6, 56.8, 60.0, 67.4, 77.4, 77.4, 77.4, 77.4, 77.4], "memory_utilization": [23.46, 71.96000000000001, 79.36, 89.1, 92.7, 92.7, 92.7, 92.7, 92.7]}{"cpu_utilization": [14.6, 45.2, 45.2, 45.2, 45.2, 45.2, 45.2, 45.2, 45.2], "memory_utilization": [23.46, 56.620000000000005, 56.620000000000005, 56.620000000000005, 56.620000000000005, 56.620000000000005, 56.620000000000005, 56.620000000000005, 56.620000000000005]}{"cpu_utilization": [64.8, 90.0, 90.0, 90.0, 92.2, 94.6, 94.6, 94.6, 94.6], "memory_utilization": [25.759999999999998, 50.78, 50.78, 50.78, 65.3, 69.3, 69.3, 69.3, 69.3]}{"cpu_utilization": [53.0, 53.0, 53.0, 70.0, 70.0, 70.0, 70.0, 70.0, 70.0], "memory_utilization": [19.400000000000002, 19.400000000000002, 19.400000000000002, 25.080000000000002, 25.080000000000002, 25.080000000000002, 25.080000000000002, 25.080000000000002, 25.080000000000002]}